Day,FitnessDummie,PastReturnDummie,FutureReturnDummie,BestFitness,PastReturn,FutureReturn,FutureReturnMean,StandardDeviation,MaxDrawDown,w1,w2,w3,w4,w5,w6,w7,w8,w9,w10,w11,w12,w13,w14,w15,w16,w17,w18,w19,w20,w21,w22,w23,w24,w25,w26,w27,w28,w29,w30,w31,w32,w33,w34,w35,w36,w37,w38,w39,w40,w41,w42,w43,w44,w45,w46,w47,w48,w49,w50,w51,w52,w53,w54,w55,w56,w57,w58,w59,w60,w61,w62,w63,w64,w65,w66,w67,w68,w69,w70,w71,w72,w73,w74,w75,w76,w77,w78,w79,w80,w81,w82,w83,w84,w85,w86,w87,w88,w89,w90,w91,w92,w93,w94,w95,w96,w97,w98,w99,w100,w101,w102,w103,w104,w105,w106,w107,w108,w109,w110,w111,w112,w113,w114,w115,w116,w117,w118,w119,w120,w121,w122,w123,w124,w125,w126,w127,w128,w129,w130,w131,w132,w133,w134,w135,w136,w137,w138,w139,w140,w141,w142,w143,w144,w145,w146,w147,w148,w149,w150,w151,w152,w153,w154,w155,w156,w157,w158,w159,w160,w161,w162,w163,w164,w165,w166,w167,w168,w169,w170,w171,w172,w173,w174,w175,w176,w177,
80,5.487477816364536,0.11090406116422687,0.05762942863010718,-0.0039534997,-0.02632893342840339,5.976541382743978E-4,3.3765770523977275E-6,0.31564749284509785,1.0258242608691555,6.3844726E-7,9.3552615E-8,1.2514881E-6,8.228754E-8,1.1026323E-6,4.425234E-7,2.411248E-7,1.0023296E-6,1.2950978E-6,3.1209554E-5,1.3702437E-6,3.3037685E-7,8.810107E-9,8.437087E-5,1.087137E-6,4.1699607E-7,3.0409848E-7,3.0761032E-7,4.6676675E-8,1.3092849E-6,8.3485276E-7,0.0035458484,2.7178382E-4,8.674558E-7,1.1153757E-6,0.0011328147,8.125528E-7,8.3685205E-7,0.0010621005,1.2899217E-6,8.020124E-7,8.3701354E-7,1.14751696E-4,1.15688856E-7,1.1712743E-6,1.3931365E-6,2.2346774E-7,1.0714583E-6,1.442357E-6,8.7511813E-7,5.6037294E-7,2.2502827E-7,0.26098782,1.0111019E-6,0.003073458,3.2309967E-7,9.38888E-7,2.406977E-7,1.2120504E-6,6.1353535E-7,9.818688E-7,6.197687E-7,0.016329542,2.4011712E-7,1.1626288E-6,8.900462E-7,3.247961E-7,8.103959E-7,1.3995789E-7,3.6282933E-7,1.4158012E-6,1.614658E-4,0.026456935,3.040788E-7,7.467378E-7,8.7364015E-7,6.3729965E-7,3.2655439E-7,8.519763E-7,1.1944127E-6,5.7943004E-7,1.1436497E-6,1.1883537E-6,9.561835E-7,3.5131052E-7,6.320795E-4,0.23538291,3.0092193E-7,1.1107215E-6,0.01831541,3.4142315E-6,6.7860026E-7,1.2047808E-6,5.485135E-7,2.3324986E-7,3.9878312E-5,4.5444494E-7,9.640634E-7,0.0063977023,7.084072E-7,5.929976E-7,5.2186397E-7,9.542306E-7,1.5083349E-7,2.7698455E-8,0.0029978922,6.2204543E-7,5.0773434E-7,0.0011141441,4.072833E-7,3.5987335E-7,3.8538943E-7,7.830239E-7,1.1343051E-6,9.577798E-7,0.10948422,1.0748645E-6,2.142225E-7,4.2719753E-7,3.9386387E-7,1.2917219E-6,3.0749575E-7,6.777333E-7,3.4353343E-7,8.225053E-8,1.6900347E-4,5.7154E-7,5.125468E-7,1.1978523E-6,8.7617417E-7,6.9415455E-7,2.6016747E-7,1.1591479E-6,9.062109E-8,1.0301171E-6,4.6825548E-7,6.623707E-7,1.0876186E-6,8.235287E-7,1.1715882E-6,1.2286757E-6,5.7477212E-8,4.1428703E-7,1.1836817E-6,5.296937E-7,4.274635E-7,4.6343277E-7,1.2362632E-6,1.108376E-6,2.649544E-7,4.835533E-6,9.745982E-7,5.756698E-7,8.785682E-7,0.004016956,0.21048142,0.036136206,6.7587547E-7,0.004284268,1.6743288E-8,8.2546165E-7,1.1810377E-7,9.281685E-7,5.630479E-7,0.025713477,6.353717E-7,0.03097105,3.385373E-7,1.055605E-6,5.051565E-7,3.6424698E-4,1.7713788E-9,2.4476458E-7,6.7229155E-7,7.9455555E-7,7.336532E-7,7.7282226E-7,9.461185E-8,1.2158623E-6,1.2162701E-6,9.876545E-7,1.2883969E-6,9.747037E-7,9.407547E-7,1.0186341E-6,1.2116398E-6,1.36414E-4
81,9.802962607160007,0.08355421329503268,0.0016075509046245902,0.0011295994,0.03691593837788149,-0.02480783513245251,-1.4015726063532492E-4,0.20405033189899394,1.0596776919108393,1.1402049E-6,1.0929908E-6,4.601192E-7,4.6658977E-7,5.698689E-7,3.0964668E-7,1.3666574E-6,6.745594E-7,5.006905E-7,1.4494124E-6,6.287036E-7,9.119811E-7,1.051259E-6,6.8854166E-7,4.5910173E-7,3.3658176E-7,5.383102E-5,1.1152135E-6,7.3886963E-7,1.0519825E-6,3.9194373E-7,1.3214616E-6,1.304889E-6,7.348572E-8,1.336463E-7,1.1324686E-6,1.0995792E-6,2.177818E-7,1.3251889E-6,7.7543604E-7,7.0801946E-8,1.5854803E-7,0.09004144,1.3574085E-6,1.3677368E-6,1.293831E-6,4.481126E-8,7.510101E-7,9.503099E-7,1.3707942E-6,3.3367897E-7,1.1546969E-6,0.15336993,1.388055E-6,2.9474882E-7,1.3906423E-6,1.2237031E-6,1.1013055E-6,1.2047286E-6,4.8137196E-7,0.019930204,1.0014026E-6,1.4584374E-6,2.3050427E-7,4.5198323E-7,0.10292344,7.7021747E-7,6.850932E-7,9.014096E-7,1.0426932E-7,1.4642247E-6,0.046751656,1.1456586E-6,7.6223637E-7,7.574321E-5,7.648818E-7,2.939149E-7,1.5388073E-7,2.7286418E-4,2.6583757E-7,3.4280934E-8,7.8511266E-7,7.1601136E-7,1.4967216E-6,5.9075757E-7,1.4215328E-6,1.4951678E-6,3.511166E-7,7.0170023E-7,9.6982496E-4,4.7860878E-5,1.5074701E-6,5.456722E-7,7.9162083E-7,1.4202569E-6,1.1189474E-6,1.1727668E-6,1.2768537E-6,1.4473596E-6,1.03950526E-7,1.5142462E-6,5.567725E-7,2.6826723E-7,1.4710033E-6,0.004762645,3.0615323E-4,6.5888923E-7,1.2045595E-6,1.2176821E-7,1.063286E-6,1.377174E-6,3.914112E-9,8.2840927E-7,1.3518969E-6,5.5119983E-7,7.203395E-8,2.4219347E-7,1.3183278E-6,7.3715165E-7,0.10686132,3.3442794E-7,1.4689296E-7,8.612916E-7,1.1217967E-6,1.4845054E-6,1.083367E-6,8.0026933E-7,6.1270555E-7,1.2327345E-6,6.882209E-7,2.9207376E-7,6.566092E-8,9.301278E-7,4.298295E-7,1.0301698E-6,1.3840656E-6,0.0039240555,0.04561695,0.035583254,1.8459812E-7,8.4555836E-7,0.003270056,1.164079E-6,1.4309406E-7,6.632823E-7,9.485499E-7,1.3032784E-4,5.295078E-7,0.0010817751,1.4541814E-6,0.16286862,5.507028E-7,1.0673092E-6,0.0028417264,0.18795788,2.3756178E-4,1.8186153E-8,4.4347573E-7,0.0050078905,1.1780811E-7,8.9797294E-7,1.4787955E-7,1.9129966E-7,8.6834854E-7,1.0299733E-6,1.3189807E-6,1.1889854E-6,9.598203E-7,3.80529E-7,2.6811293E-7,9.8589386E-5,5.0558E-7,3.115398E-4,1.1713802E-6,8.995679E-7,7.338072E-7,7.58037E-5,0.0050045718,9.993701E-7,1.2990697E-6,5.24161E-7,1.5056773E-6,6.5771684E-7,1.455788E-6,1.2173432E-6,4.491625E-7,0.019503625
82,10.439181211603293,0.04977752303271014,0.02912431556782487,0.002455031,-2.262394200387943E-5,-7.967856691715247E-4,-4.501613950121608E-6,0.45690845331622315,1.0163039928085353,1.3041137E-7,9.3251984E-8,1.1163517E-7,2.2151506E-8,5.643872E-8,2.1505278E-8,1.3612961E-7,1.358321E-7,1.2398067E-7,5.0241556E-6,6.9346896E-8,9.9018315E-8,1.9786636E-8,9.400813E-8,1.3993738E-7,1.2943713E-7,3.4751955E-9,0.1243628,4.378857E-8,2.568361E-4,1.0829735E-7,5.0528985E-8,0.010524099,7.778211E-8,2.9472927E-8,1.0164281E-7,0.00843085,8.392531E-4,9.992277E-8,7.0569804E-8,1.0505261E-8,1.172922E-7,0.08811057,5.423816E-4,5.3639817E-9,3.9745945E-8,1.3358466E-7,1.16203765E-7,1.2284218E-7,1.9357275E-8,4.7069825E-8,8.218064E-4,3.2995878E-8,4.0447123E-8,7.079965E-8,6.421194E-8,5.622107E-8,2.4062148E-8,0.011197295,1.7378634E-8,8.214332E-8,7.7263664E-8,2.6596777E-7,1.303313E-7,1.9544312E-5,9.743141E-8,1.2969113E-7,0.003440657,1.3779612E-7,9.711249E-8,7.521057E-8,1.3059741E-7,1.0089118E-8,2.7546334E-5,1.5557834E-8,1.1944655E-7,0.0036052798,4.1774392E-8,2.5136966E-8,3.7789444E-8,0.0012592983,1.2010216E-7,6.4296892E-9,1.0128461E-7,5.5871197E-8,1.2598497E-7,2.3128157E-8,4.8092804E-8,1.1090374E-4,0.005142545,2.0697689E-8,1.2075527E-7,8.755711E-8,1.12269994E-7,0.10020244,1.0938503E-7,3.098069E-8,1.1217197E-7,6.5907315E-8,6.343695E-8,1.1331185E-7,0.102651075,3.971741E-8,9.7366734E-5,4.9164743E-8,5.679936E-8,7.025016E-8,2.5248221E-8,1.4480463E-7,4.489856E-9,1.2206543E-7,4.182481E-8,1.4081061E-7,4.1516646E-8,3.938979E-8,1.3131118E-7,3.7362106E-8,1.1447636E-7,5.6062785E-8,6.427726E-8,2.8908143E-8,2.697615E-8,2.5341487E-8,5.464988E-10,4.4302087E-8,0.15104209,3.1435255E-5,5.305732E-8,3.4804724E-8,7.940017E-8,1.3019916E-8,3.9426347E-8,1.0370315E-7,8.6014474E-8,5.732838E-8,1.2079354E-7,0.00915956,0.16528472,1.7584075E-4,3.951533E-8,2.0028025E-8,4.129739E-8,3.920232E-6,5.7257324E-8,2.926346E-8,1.5492654E-8,2.8761571E-8,0.020510918,1.1715185E-7,7.677017E-8,6.2215285E-8,5.6519557E-8,3.7657737E-5,3.153671E-8,1.4377423E-8,1.3478652E-7,5.748024E-4,9.0892755E-8,0.0043109376,3.4845048E-8,5.324775E-6,1.2784766E-7,1.07543215E-7,6.42547E-8,0.01558688,1.3131904E-7,0.013564725,0.15649527,9.6289874E-8,2.7811273E-5,1.3600874E-7,2.8715464E-8,4.7734286E-8,4.4748855E-8,1.2098894E-7,8.623629E-8,5.9576784E-9,1.5616008E-8,8.723281E-8,9.584737E-8,7.2603676E-8,1.1982584E-7,1.2903783E-7,9.898458E-8,4.2298614E-4,5.9089675E-8,0.0011072999
83,9.744768073942879,0.060311428028748185,-0.02463306918207833,-0.08289748,0.0036454621553648394,-0.04336394202099126,-2.4499402271746474E-4,0.060199772539264604,15.035384404547154,4.3762807E-6,3.87624E-6,9.0503426E-7,7.918315E-7,8.000978E-8,4.7295134E-6,0.04556435,2.7589596E-4,2.7420572E-6,3.6709707E-7,0.08397702,2.4171004E-6,2.818478E-7,1.6224102E-6,4.022005E-6,9.2493405E-4,9.240821E-7,2.3656278E-6,3.064131E-6,1.0048543E-6,1.749022E-7,0.023318972,2.794129E-6,4.7971207E-6,2.6625572E-4,4.957694E-7,9.35656E-7,4.6079126E-7,0.005014871,9.642837E-7,4.3061766E-4,4.0764294E-6,0.0010477748,0.1043301,2.3080038E-6,2.372239E-6,0.0017273059,6.445153E-7,5.796894E-7,1.0697185E-6,1.1617129E-6,9.015133E-5,1.3029722E-6,3.0017627E-6,0.072880775,1.584493E-6,6.618262E-7,3.7503457E-6,9.728329E-7,2.3404332E-6,1.6959299E-6,2.0497864E-6,1.5836188E-6,3.0470185E-6,2.2123108E-6,6.260406E-7,3.518623E-6,1.1997473E-6,2.5313605E-6,4.5925017E-7,1.9490888E-6,1.9947176E-6,1.0373667E-7,1.10388646E-4,0.005920441,3.2012929E-6,1.1742195E-6,2.953031E-6,2.375406E-6,1.9541392E-6,3.2465714E-6,3.5594244E-8,2.1428002E-7,3.4615556E-7,7.511204E-7,4.804683E-6,1.2349012E-6,4.59647E-6,4.0664136E-6,1.8325527E-6,9.2573627E-4,9.208557E-7,2.0857415E-6,3.887638E-6,5.0217304E-6,0.0068352395,1.055996E-6,1.6818442E-6,3.1486154E-6,2.6642252E-7,2.6529892E-6,8.8972165E-8,1.2697457E-6,2.8813852E-6,6.722388E-7,5.5956974E-5,3.1119334E-6,4.404286E-6,5.018159E-6,3.5007868E-6,5.85876E-7,1.8899123E-6,3.1245343E-6,0.0018024682,4.325744E-6,1.2973551E-6,4.518907E-6,1.7633778E-6,4.7765857E-6,2.9285757E-6,3.7121756E-6,0.41488996,0.004240541,3.1449817E-6,1.2482951E-6,8.5046893E-4,4.188638E-6,3.007366E-6,2.1095732E-6,2.6303408E-6,2.488691E-6,0.15247777,0.012070606,3.9670585E-8,2.0324487E-6,4.7693684E-6,1.31463175E-5,4.2546767E-6,2.6888515E-6,4.8905727E-6,4.927344E-6,4.1912126E-6,1.981031E-6,2.271041E-6,4.4220133E-6,2.901975E-6,0.05732852,3.5491769E-6,1.065379E-6,4.796932E-6,4.4624526E-6,2.2484016E-6,4.4504577E-6,2.3092346E-6,2.6373439E-6,4.3320865E-6,2.0762807E-6,5.022945E-6,2.2414029E-6,3.5932874E-6,2.649022E-6,1.6123113E-6,1.7794364E-6,4.8740526E-6,6.705345E-7,8.623605E-5,5.608951E-7,4.5044786E-7,4.402233E-6,2.9438484E-6,0.0021808883,3.8560765E-6,2.9309729E-6,2.561672E-6,3.4634043E-6,1.7629301E-6,1.3750498E-6,2.669817E-6,1.0963413E-6,2.2978516E-6,3.7059276E-6,3.926755E-6,4.9970417E-6,3.4057553E-7,4.6697164E-6,4.959937E-7,4.6303226E-6
84,2.206468849638454,0.012326283186569958,-0.0019804810833541756,-4.2534227,0.012529036568132323,0.014469805826291298,8.17503154027757E-5,0.0425772214437623,1.8318283054694966,9.336768E-6,1.5155944E-5,2.6200121E-5,3.9250385E-6,2.1401223E-5,3.2586082E-5,4.0296858E-5,1.0981194E-5,0.0063863383,8.678428E-6,1.829952E-5,1.728393E-6,2.1245001E-5,4.064902E-5,0.02698976,4.7042017E-6,0.018293962,4.0690553E-5,2.0437614E-5,3.3927172E-5,1.2674004E-5,2.2046437E-5,3.9041475E-5,0.30238113,1.1219568E-7,4.2053068E-7,3.373149E-5,1.7759494E-5,3.123114E-5,3.1377567E-5,1.5393469E-5,1.6125168E-5,1.770309E-5,3.87686E-6,2.0408488E-5,2.47444E-5,6.3553416E-6,3.5404733E-5,1.0191345E-5,2.575607E-5,2.6961708E-5,4.0813673E-5,1.5125203E-5,2.3087683E-5,1.7791126E-5,3.8873564E-5,2.5696034E-5,1.314202E-5,3.446676E-5,2.9960229E-5,3.880364E-5,2.5969553E-5,0.006811697,1.4308221E-6,9.646327E-7,2.956968E-5,2.9299888E-5,5.1340676E-6,3.6270278E-6,1.9703284E-5,2.6557102E-5,0.016005313,2.24197E-5,1.2478579E-5,3.6018013E-5,3.9643328E-5,4.3987288E-7,2.4592387E-5,3.278738E-5,4.6199566E-6,2.2903432E-5,1.6752228E-5,0.014427841,6.3683838E-6,1.874577E-5,1.932754E-6,1.0024511E-5,3.7779504E-5,1.6461092E-5,2.7272195E-5,1.3761497E-5,3.442927E-5,4.0713992E-5,3.6226746E-7,2.5226853E-5,5.0824287E-6,9.430944E-6,2.4078792E-5,1.1848409E-5,3.769583E-5,0.01037971,1.6400718E-5,2.0583924E-5,2.9912258E-5,2.8639315E-5,3.3691824E-5,2.5000447E-5,4.463063E-6,1.4783905E-5,1.2023547E-5,3.0576906E-5,8.132601E-6,3.006388E-5,1.3414753E-5,0.022582754,3.5727655E-5,3.3280146E-6,1.4090608E-5,4.0934938E-5,2.705738E-5,3.2243297E-5,2.7058526E-5,3.330372E-5,6.145476E-6,0.0015006468,3.7505763E-6,0.06926923,2.1472231E-5,3.0483505E-5,2.512217E-5,2.148961E-5,0.00309261,0.015641639,5.3959325E-6,2.38692E-5,1.9415791E-5,5.32801E-6,9.35827E-6,1.47359E-5,5.688706E-6,3.1985128E-5,1.3399314E-5,2.554241E-5,2.2738548E-5,6.57722E-6,2.0426945E-5,0.00566664,7.18936E-6,3.2015137E-6,3.8123217E-5,1.8223516E-5,3.6127316E-5,1.9094612E-5,1.0620993E-5,8.016042E-6,9.442791E-6,0.0038391289,3.696224E-5,2.0398797E-6,1.4621855E-5,1.529713E-5,9.968668E-6,2.1870032E-5,1.0390635E-6,1.1786688E-5,9.384428E-6,2.489601E-5,1.1805914E-7,0.037539598,3.4418408E-5,0.0028728559,1.2473514E-5,7.5000903E-6,0.045036387,1.5449448E-5,3.5623725E-5,4.571971E-6,1.5269949E-5,2.528292E-5,2.6441163E-5,5.921697E-6,1.1085206E-5,0.15877154,0.22945243,3.812228E-5,2.6665046E-5,1.2226443E-5
85,0.9380827719006664,7.239393996178315E-4,0.043962918407118384,-1.2110566,-0.022865462877118034,0.12560463338905134,7.096306971132844E-4,0.11429889489078925,1.022157044165103,2.1053832E-8,7.4086417E-9,8.374045E-9,3.1742247E-9,1.2748052E-9,5.7661245E-9,0.002127028,0.0044038068,3.9507107E-8,3.4087385E-8,4.044291E-8,3.4791114E-8,0.03342876,3.994401E-8,1.2992755E-8,3.9793078E-5,2.036179E-8,9.390894E-4,1.0714265E-8,1.95732E-5,1.2351228E-8,1.9907398E-8,3.1389042E-8,0.11987176,3.4578036E-8,1.630811E-8,3.340012E-8,1.8752209E-8,3.8276454E-8,1.1802598E-8,1.8179143E-6,9.288123E-6,9.645011E-6,1.9891566E-8,1.2003527E-4,2.8350994E-8,1.6590739E-5,6.088494E-4,3.3141315E-8,0.026079804,0.014930182,2.9188685E-9,6.7513106E-9,3.577096E-8,3.5290086E-5,1.1831113E-8,4.03661E-8,3.5037974E-8,3.6162753E-8,4.459455E-9,3.670596E-8,8.9626963E-4,2.9289449E-8,2.1293319E-8,1.0641516E-5,3.878877E-8,2.3763127E-9,1.3011713E-8,1.3922077E-8,4.3289683E-9,1.8183605E-9,2.2434692E-8,1.6464611E-8,3.104712E-8,6.6313874E-9,4.881944E-4,1.6208868E-4,1.7108874E-8,3.8144112E-8,2.2426633E-8,5.7830393E-6,1.0420434E-8,2.3699247E-8,1.6551625E-9,3.9797953E-8,9.608399E-9,0.027951797,0.47087196,2.2917692E-9,2.5133946E-8,3.3051716E-8,5.4576184E-9,1.0171041E-8,6.2334693E-9,1.0767506E-8,2.6825449E-9,7.8543225E-9,0.10552236,7.4263176E-6,0.025783774,1.7065316E-8,2.3239776E-8,2.0888438E-8,9.578355E-9,3.1567055E-8,3.257915E-8,8.193522E-10,1.527177E-8,0.0072662975,1.9987631E-8,1.8993298E-8,8.207229E-9,0.0026990755,7.0830237E-4,3.3794343E-8,4.2231094E-9,3.52317E-8,2.1182139E-8,3.4643154E-8,2.7583583E-8,1.6121854E-8,7.719659E-9,1.0025327E-8,6.87741E-9,3.58277E-8,1.2121014E-8,1.03847215E-8,3.7710444E-5,2.8545424E-9,2.3197728E-9,5.9152474E-9,2.6582319E-8,0.014409279,2.2172873E-8,5.8826144E-9,1.7460055E-5,0.0027653233,2.1874344E-8,1.1006254E-8,4.0681165E-8,2.94014E-8,2.949267E-8,3.0097908E-8,5.1881244E-7,0.0011325943,1.9342137E-9,8.7632723E-10,1.3719679E-9,1.0610075E-8,3.2743916E-8,2.0005906E-8,5.739766E-9,4.05629E-8,6.001287E-9,3.6427237E-9,1.6107272E-8,8.1296E-9,1.7444904E-10,1.551463E-8,1.8069922E-8,1.18078525E-8,6.3999617E-10,2.4089069E-8,4.996596E-6,4.0281513E-8,0.11213202,1.4840634E-8,1.8868313E-8,3.2536807E-8,0.0034601837,3.891313E-8,8.662135E-9,3.9039193E-8,2.3907132E-8,1.6360759E-4,1.3639289E-4,0.020722609,2.8895832E-8,1.4432014E-8,1.5905325E-8,1.6385687E-8,3.3400507E-8,3.9789455E-8,3.1513494E-8,1.3200893E-9,2.8804021E-9,1.3206388E-8
86,6.7866705537619705,0.009759018429040454,0.05086287866508862,8.3168765E-4,3.450246075684549E-4,0.0013351896216154957,7.543444189918055E-6,0.19124466712038518,1.0374550089952448,0.0010316672,9.0716746E-8,6.9146665E-8,1.27708075E-8,6.2515326E-8,3.4464736E-9,2.43548E-7,7.118229E-8,2.1559435E-7,6.357273E-9,4.2396667E-7,1.2083954E-7,6.343427E-8,8.708629E-8,8.232847E-8,1.1564903E-7,4.4900165E-8,1.0294089E-7,3.2597246E-8,0.2352341,1.01685146E-7,6.09395E-8,6.7413445E-8,3.5890906E-8,0.004357708,2.2799542E-8,5.9175843E-8,7.170909E-8,7.7899465E-8,9.845515E-8,6.7160975E-8,1.284185E-7,2.2022459E-8,6.243272E-8,1.8155493E-8,3.0165623E-8,7.1857514E-8,1.6781078E-4,1.155254E-8,2.4668232E-5,8.795474E-8,1.4081799E-7,1.5093671E-7,5.14611E-8,2.8000487E-8,1.3518746E-7,1.3195974E-7,2.2498648E-6,0.004146943,3.5052136E-7,8.282445E-8,1.7273948E-7,1.7288113E-7,6.5418286E-4,3.5151302E-8,4.6884463E-8,2.9437365E-7,7.5235874E-8,2.174468E-8,1.9831985E-8,7.600096E-8,3.1762968E-7,8.30338E-9,1.0009871E-7,7.309438E-7,3.0208238E-8,3.633729E-7,1.1947417E-7,1.055054E-7,1.1934555E-8,2.0409264E-8,3.618204E-4,5.082518E-7,2.7130028E-7,1.8664245E-8,0.032285266,0.059292886,2.0466105E-8,2.5104288E-8,1.3522101E-7,9.18512E-8,8.9661405E-8,2.6166E-8,2.0508266E-7,3.992584E-8,6.831865E-8,2.1412369E-7,1.0231083E-7,1.4762475E-8,1.240989E-7,5.1353977E-4,2.751554E-5,6.9834755E-7,3.2151206E-7,1.7934136E-8,3.4258374E-8,4.2732787E-5,6.349281E-8,1.0266178E-7,6.204739E-7,8.513852E-10,2.5626296E-8,5.0143502E-8,9.898216E-8,0.013474739,8.506382E-6,8.264195E-8,2.6538387E-8,0.011849459,3.5866755E-8,0.008722915,0.0033122555,6.914215E-4,0.021042308,2.2432368E-7,5.8652518E-8,0.0011589965,6.6392644E-8,6.808365E-8,2.2614574E-7,2.7394873E-7,9.510567E-8,0.21828023,1.05940835E-7,1.365842E-7,3.1523772E-8,6.5453186E-8,8.4830145E-7,1.8152237E-7,4.544134E-4,7.816118E-8,8.6560576E-8,2.4346313E-8,3.4805058E-7,2.2563268E-5,6.671691E-8,8.571204E-8,3.9398507E-9,1.0641844E-7,4.9831787E-8,1.3456681E-4,1.0289586E-7,6.0809507E-6,3.3547505E-5,1.9387214E-8,1.7226371E-7,8.748791E-6,1.4561358E-7,0.010341154,2.5979094E-7,0.3037354,7.680447E-7,0.018464478,1.4888113E-7,2.6438119E-7,1.03249384E-7,3.7382733E-8,2.3270371E-4,3.9934452E-8,1.0625128E-7,7.108155E-8,6.7567456E-8,0.049706127,5.5998765E-7,1.1902134E-7,4.2228814E-5,8.284396E-9,1.0990191E-8,8.835908E-8,3.0377745E-7,1.0850346E-7,8.599571E-8,1.1604317E-4,1.1144502E-7,1.0488717E-7,1.1444017E-7,8.852424E-9
87,36.86006899170846,0.0181864102033668,0.024111652166144228,0.0063657635,0.0016968783276465251,3.6973223911097424E-4,2.0888827068416625E-6,0.06815202556376655,1.340377667274345,1.9105265E-8,1.6981627E-7,1.2767633E-7,1.5215472E-6,1.0084318E-6,2.1597543E-8,5.451242E-8,1.4168711E-8,1.9502266E-5,1.1980222E-7,1.947257E-4,6.5138663E-9,0.21215035,1.8123157E-7,1.492657E-9,4.3565145E-5,1.0128184E-9,8.187161E-7,8.700552E-5,1.7771466E-8,9.78412E-10,7.73037E-10,8.284345E-8,1.8380956E-7,1.979162E-9,2.1508129E-7,2.6996245E-8,2.7439438E-7,4.613673E-7,2.458911E-7,7.335357E-8,3.4605883E-4,2.0042409E-8,8.395664E-10,2.3881765E-9,1.0564992E-8,8.899383E-9,1.0076206E-7,1.8104405E-8,4.6001695E-8,3.850536E-8,1.2426149E-9,2.7399E-8,4.7157844E-8,4.104418E-7,0.10290579,2.9149118E-5,0.0018847013,2.2848406E-8,8.290278E-4,7.4295535E-11,3.870962E-8,4.9543306E-8,4.8070827E-9,0.022864684,1.4894165E-7,2.1746764E-7,1.8731691E-10,5.713804E-9,0.005568293,2.01269E-7,5.309393E-4,3.0635567E-7,0.0039112265,4.339853E-8,8.281548E-11,5.5750466E-9,6.180927E-8,1.773474E-8,5.70408E-9,7.81745E-8,6.1148064E-9,0.005760404,8.3177355E-8,6.2017534E-8,2.0071498E-8,7.299287E-8,1.3025316E-10,1.5759047E-9,4.7941004E-8,1.4226998E-7,8.605899E-9,7.212172E-8,1.6606927E-8,2.4845479E-8,3.3441245E-7,7.305884E-8,1.17130675E-7,3.3610648E-9,1.5919966E-8,3.4978784E-9,1.3994624E-7,8.910146E-9,8.8484164E-10,4.793966E-4,4.022571E-9,5.0919774E-5,6.2228274E-8,3.2552034E-8,3.918385E-9,4.462276E-8,1.2848358E-10,4.4689012E-9,3.767119E-8,2.3891703E-8,3.8142693E-9,3.4828332E-8,0.0031746894,0.012217916,0.15201354,1.0639222E-7,5.801267E-9,1.337914E-7,1.2573207E-7,9.342448E-9,6.017439E-5,2.383276E-8,2.4683892E-8,9.560763E-8,0.003939745,0.010963846,6.344015E-7,1.0372907E-5,4.4922244E-9,4.867202E-4,8.405692E-8,9.276059E-6,0.054678798,1.7081815E-7,0.0013536188,1.2509713E-10,6.96089E-8,3.6088255E-5,1.3242342E-7,3.6670195E-7,3.401416E-9,9.745223E-9,3.9760715E-9,9.225724E-9,1.0335227E-8,8.019816E-6,2.3501075E-4,4.5241443E-8,4.257895E-9,5.342468E-8,0.26180038,2.9251643E-8,2.3777074E-9,2.114007E-8,9.577267E-9,3.545211E-8,0.070841305,0.0039597973,2.9535896E-8,2.2964493E-7,7.684641E-8,1.4146809E-7,1.14121175E-8,1.493381E-9,1.08718625E-8,1.0709402E-8,5.2167526E-10,1.8001574E-8,3.814226E-8,4.4584394E-4,1.1508333E-9,8.02055E-9,1.9708398E-7,9.918714E-8,7.8509394E-5,5.6015235E-8,1.3160006E-9,1.4586622E-8,5.046585E-8,0.06601841,5.988877E-9,2.0023445E-9
88,60.094210486892656,0.025728789580987503,-0.0037191758227694055,0.005423003,-3.462877726285287E-4,-6.313100708057486E-4,-3.566723563874286E-6,0.04033575496209412,1.7690495891502336,6.57031E-5,5.311658E-6,8.449639E-7,1.5809887E-6,3.7136806E-7,1.5949857E-6,3.946557E-6,1.619218E-5,3.5714058E-7,1.0561195E-6,1.3503225E-6,1.0028159E-5,1.6104921E-6,7.5360804E-6,2.0263192E-6,3.3553147E-6,2.0752768E-5,7.904514E-7,0.18480384,1.8391887E-5,5.156428E-6,4.1257535E-6,5.0159733E-6,3.6998722E-7,7.0128435E-6,1.1109977E-6,3.0118276E-6,1.5334865E-6,1.4410617E-5,1.073256E-6,4.696833E-6,1.2028687E-6,6.6356843E-6,2.2912207E-5,8.027323E-6,4.8626976E-6,4.8486004E-7,2.3793673E-7,1.5134198E-6,2.6840405E-6,1.524996E-6,0.07545194,2.1023238E-6,1.0386335E-5,6.6908174E-6,0.0072690183,1.02800295E-5,1.6627777E-7,1.2344616E-6,2.1397436E-6,2.2072622E-5,1.9278214E-5,7.692515E-4,7.3898195E-6,1.5044487E-6,5.253697E-6,8.319319E-6,1.6191378E-6,1.9486104E-6,3.7727536E-6,0.017774971,0.016369943,1.2990109E-6,1.1853759E-5,1.2759233E-6,2.0382777E-6,2.141223E-7,4.5506968E-6,1.10186676E-7,4.0930482E-7,7.364502E-6,1.941776E-6,6.827589E-5,8.28574E-6,3.7815937E-7,1.1543235E-6,6.380991E-6,2.2476928E-7,7.041044E-8,6.2868924E-7,6.6718335E-6,0.19954766,1.6526783E-6,2.3798275E-4,0.02107897,3.2427417E-6,9.473133E-6,5.805276E-6,1.1339E-6,1.5536871E-6,0.0011724825,0.01475245,9.71468E-7,9.932218E-7,2.3169334E-6,1.855563E-6,7.5444277E-6,4.6129435E-6,2.3860215E-5,1.4269002E-6,2.2774326E-7,1.8589732E-6,1.3443882E-7,2.2158608E-6,8.4360454E-7,4.3903988E-6,4.304721E-6,3.262371E-6,1.5634735E-6,4.594566E-7,0.017508127,4.4745784E-6,0.0016057461,1.201434E-6,1.246595E-5,1.0406121E-5,4.7773065E-6,9.5280524E-7,3.3916656E-6,1.6779792E-6,1.3352104E-6,6.3275675E-6,2.93131E-6,0.0012175296,8.282015E-6,8.486467E-7,1.8233543E-6,5.881771E-6,7.732393E-6,3.300119E-4,1.3457916E-6,1.3592863E-6,1.4201189E-6,1.9818406E-6,6.7447985E-7,0.06514438,0.0064791148,1.0596721E-6,3.1883806E-6,1.0169675E-6,1.1003769E-5,3.9565012E-7,3.0279464E-6,5.309634E-6,1.4968701E-6,0.1777802,1.109445E-5,2.9371412E-7,1.741245E-5,3.194466E-6,3.3222867E-7,3.6109077E-7,2.0222822E-6,6.9437573E-7,1.3015577E-6,8.175116E-7,1.7496535E-5,8.39065E-7,0.17917275,1.2146954E-6,0.005665607,3.384995E-6,0.0050767926,1.9903039E-6,3.2890725E-6,2.8885559E-6,3.131142E-7,9.3247645E-6,1.207268E-6,5.407635E-6,3.4699798E-7,2.9614328E-6,4.6352775E-6,3.5787273E-6,1.184771E-6,6.9983544E-6,5.574898E-6
89,38.89556369557976,0.02612750820594543,0.003229705542697943,0.010020129,0.012730559246967763,-0.005107750421389197,-2.885734701349829E-5,0.05020669247398507,1.5572388595289364,0.01018034,3.9194668E-7,2.4126314E-7,1.3658337E-6,4.634203E-7,1.6853601E-6,1.43713E-6,1.0426999E-6,2.3194194E-7,0.017778458,6.463686E-7,0.0042335577,5.6537857E-7,8.4378105E-9,1.7288882E-7,1.3939251E-6,1.6281083E-6,5.1108486E-7,1.3965173E-6,0.005574003,5.7916566E-7,1.1625806E-6,3.6503783E-7,1.3730584E-6,2.3908933E-7,1.3531402E-6,5.8678455E-7,1.0009803E-6,2.1147517E-7,2.0442098E-8,6.673365E-7,8.857746E-7,1.2747383E-6,1.3799963E-6,0.07462578,2.0986845E-7,5.564678E-4,9.932791E-7,1.1687797E-6,1.2464265E-6,7.206543E-8,1.5882802E-6,1.320825E-7,7.099774E-4,1.0401775E-6,2.0107136E-7,1.1586692E-6,1.3967413E-6,8.374788E-7,6.322641E-7,0.23675977,1.7505644E-7,1.327495E-6,1.2278771E-6,6.955006E-7,5.622529E-7,1.3671863E-7,1.6865649E-6,1.2759674E-6,1.5889624E-6,8.323574E-5,0.23152974,1.7213121E-6,4.344045E-7,3.4145063E-7,8.0848025E-7,8.7941055E-7,1.4355984E-6,7.684065E-7,0.08912374,1.9311963E-7,1.3198688E-7,1.1296725E-6,7.859028E-7,1.2603092E-6,0.0017849865,1.6669112E-6,8.5352644E-7,1.4736714E-6,1.5659763E-6,1.3107708E-6,7.1880856E-7,0.015991544,8.8324846E-8,0.010373767,2.7516455E-7,1.4401319E-6,1.3813498E-6,1.3312501E-6,8.4205874E-7,1.3483071E-4,1.3700595E-6,1.3734134E-6,1.6144584E-6,1.5171117E-6,1.7280823E-7,6.270218E-7,8.6740755E-7,1.2322258E-6,4.992937E-7,7.4644987E-7,1.156226E-6,2.0021884E-7,7.0009206E-4,8.356153E-7,1.536129E-6,6.67598E-7,4.6781253E-7,8.0403004E-7,9.388708E-7,1.3148028E-4,3.0508346E-7,2.5673634E-7,9.722631E-7,1.1834048E-6,1.167848E-6,0.0016940031,8.590159E-7,9.2541666E-7,1.9420513E-7,1.0817918E-6,1.2227426E-6,6.344436E-7,8.407148E-7,4.4486276E-7,6.418667E-7,3.5017771E-7,8.128642E-5,1.2560156E-6,3.520633E-7,7.3288413E-7,5.856258E-7,1.0255641E-6,1.2052496E-6,1.0003321E-6,9.8891E-7,1.2681024E-7,2.0253113E-7,3.5994415E-7,0.2593292,1.7505913E-6,7.652649E-5,1.09009E-6,0.0011432843,4.7437825E-7,1.06302814E-7,5.998632E-7,1.5018159E-7,1.264614E-6,1.8893829E-7,6.5829255E-7,2.6993E-5,1.7181333E-6,9.75285E-7,5.8438593E-7,6.383666E-7,1.5779432E-7,1.3378941E-6,8.4504865E-7,7.3142024E-7,2.0342053E-7,1.3419038E-6,9.597579E-7,1.1756235E-7,9.696236E-7,1.69351E-6,4.07861E-7,1.6003133E-6,1.2501943E-6,8.389696E-7,1.0715618E-6,1.3357886E-6,2.3839021E-8,3.521035E-7,4.376344E-7,0.0372481,1.2427282E-6
90,7.031399468538281,0.027263999950832833,0.020889270600280733,-0.005649181,0.18636333876121458,-0.029582486759532855,-1.671326935566828E-4,0.09892785918588197,1.1188374976723858,8.61375E-6,1.6039312E-6,0.0012379095,4.7340645E-6,1.7823587E-6,1.398033E-6,1.1161267E-5,2.015776E-5,1.30587105E-5,3.77125E-6,2.1634467E-7,0.052294545,8.4960085E-8,1.892388E-5,5.14216E-6,8.466429E-6,9.910713E-6,2.4184005E-6,1.0234957E-5,2.313778E-5,2.8995787E-6,4.5195975E-5,0.001392606,6.332384E-8,8.3296646E-7,9.169018E-6,1.9717659E-6,2.8618945E-6,9.81568E-6,5.608335E-7,5.7287776E-5,1.7415154E-7,4.489088E-5,8.6484835E-7,6.5311455E-5,0.003780573,7.589366E-6,1.9176744E-6,1.0481901E-7,4.4682347E-6,6.2262706E-7,1.5799238E-5,2.8574389E-6,6.253886E-7,2.0667667E-6,6.6684083E-6,2.7483933E-5,2.4662228E-7,2.3092866E-4,1.5468165E-6,1.1920055E-5,5.4504835E-6,1.8440307E-6,1.6056138E-6,3.0084245E-6,1.980681E-4,7.646479E-6,4.71704E-6,4.59933E-6,1.123272E-4,9.037038E-6,9.159775E-6,7.4473514E-6,8.04886E-6,8.183593E-6,5.774851E-6,3.289902E-7,3.3666392E-6,3.8092328E-6,1.0721084E-6,0.0041443827,2.5759682E-6,7.497427E-7,9.643105E-7,4.928249E-6,5.9362937E-6,5.7399025E-6,2.0233408E-6,1.197129E-5,6.6286107E-6,4.2850708E-8,1.2309309E-6,1.0303439E-6,3.005407E-8,5.066031E-5,0.0034996972,3.2006858E-6,2.8864235E-5,7.2871226E-6,0.461138,7.274001E-5,2.157927E-6,1.9564832E-6,4.081534E-5,8.714036E-6,3.223375E-6,2.2665536E-6,1.0386315E-6,1.3198927E-6,3.8092328E-6,0.04231067,0.14665878,7.3230854E-5,8.0034435E-5,5.069411E-6,0.018281002,8.86482E-5,1.2987647E-4,8.261389E-6,9.547604E-7,5.6757344E-6,8.930964E-7,2.4371011E-5,1.1221332E-5,9.878141E-6,3.72155E-7,5.7963312E-5,9.149083E-6,6.1765354E-6,6.20067E-7,2.1664864E-6,1.1553057E-6,5.5188307E-6,6.8607235E-8,4.8865163E-6,1.2762597E-5,4.394174E-6,7.603915E-7,7.332642E-7,7.671018E-6,1.0026989E-7,2.0550123E-4,7.705699E-6,2.0684383E-6,1.5419408E-5,3.140467E-6,4.0258678E-7,3.6194544E-7,1.0279494E-7,6.578587E-7,2.5696845E-6,1.4733078E-5,2.1642327E-6,2.4478655E-7,4.800102E-6,5.2994164E-7,1.5725213E-6,7.458477E-6,0.011517676,5.437967E-7,1.02051126E-4,8.813748E-6,0.005220112,0.0041546067,1.9891988E-5,0.162891,7.715E-6,3.212749E-6,0.0068905433,0.039566398,9.046047E-7,5.1345805E-6,2.2377794E-6,1.5292168E-5,5.9583667E-6,7.9558106E-7,0.0106334295,0.021873662,4.1838788E-7,3.872738E-6,5.4759785E-5,7.223248E-5,6.4465416E-6,2.045615E-6,8.49239E-6,2.5175498E-6,1.3855903E-7
91,7.842211789728371,0.02421662569545936,0.009180777049228065,0.0012174154,0.0077184674540193505,-0.018729260691785883,-1.0581503215698239E-4,0.06405367217711944,1.8917104684007882,1.1997136E-6,1.3218311E-6,1.6172505E-6,1.7960757E-7,3.9670775E-7,2.1065252E-6,1.212723E-6,2.1298025E-7,2.6651553E-6,4.3906425E-7,1.712361E-6,1.1351287E-6,5.3037206E-7,1.322565E-6,2.0411735E-6,1.8629783E-7,2.597441E-6,1.0923135E-6,4.0739144E-7,1.2894325E-6,2.5602135E-6,2.1071191E-6,1.433167E-6,1.7938346E-7,0.0024162673,2.5001534E-6,0.033638496,4.2995354E-5,4.3087304E-5,4.7248722E-7,2.4435742E-6,1.7341271E-6,1.1222684E-6,2.6248017E-6,1.0654579E-6,2.6247499E-6,2.6059183E-6,2.3101793E-6,1.959808E-6,2.2119586E-6,7.2281875E-7,2.7410224E-6,9.065443E-7,2.0979637E-6,2.7079325E-6,0.0019879548,1.7010041E-6,5.928641E-4,1.616017E-6,2.5519634E-7,4.7585217E-4,1.3264164E-6,6.939991E-7,1.7332069E-6,1.8874846E-6,4.320371E-7,1.4118431E-6,0.15244722,9.4382864E-7,1.1951502E-6,1.5917467E-6,2.3559917E-6,7.897037E-5,2.707702E-6,7.05114E-7,2.7900721E-6,3.0996674E-7,1.0397603E-8,2.1841502E-6,7.5677667E-7,7.163182E-7,4.985785E-7,2.6513542E-5,0.0021159942,1.1675517E-6,0.002528363,2.0827558E-6,1.0348525E-6,1.8728012E-6,2.3154246E-6,1.03421435E-7,0.18713558,0.0011373105,6.5174464E-7,1.2691496E-6,5.7183837E-7,4.1116846E-7,0.011796964,3.0692937E-7,1.8198994E-6,5.9557135E-7,1.1481327E-6,1.4631321E-6,1.1686649E-6,3.282127E-7,8.194806E-7,3.9918962E-7,5.1511813E-7,2.6130156E-6,2.2601325E-6,1.1552817E-6,1.8627255E-6,1.8406372E-6,2.8739767E-6,1.7696003E-6,2.294494E-6,2.643387E-6,2.6818698E-6,1.4429454E-6,0.051724363,2.2777629E-6,2.5177114E-6,3.6294495E-7,2.017232E-6,2.4322753E-7,2.763303E-6,9.454053E-7,0.06011183,1.8182592E-6,2.5859827E-6,1.0236349E-6,2.0181033E-6,0.13521089,1.9313063E-6,2.8391876E-6,2.571433E-6,1.7908096E-7,9.367125E-7,1.6075186E-6,2.3340112E-6,0.13677682,0.004827141,0.0035099608,0.07229563,5.693026E-7,1.9495662E-6,3.1068373E-7,1.4450993E-6,2.5469792E-6,2.618533E-6,1.0918748E-6,7.2043005E-4,1.9815327E-6,1.1942402E-6,1.8677617E-6,1.8152825E-6,3.973125E-10,2.755813E-6,0.002158931,1.0105631E-6,1.3603862E-6,7.3765267E-7,2.6635228E-6,2.0183704E-6,2.3495588E-6,2.666752E-6,0.0010403531,3.487593E-8,2.209757E-6,1.286684E-6,6.779264E-4,4.6230467E-5,1.527092E-6,1.2627294E-6,1.5639882E-6,1.764883E-6,2.0331001E-6,9.831977E-7,1.5268608E-6,1.0587037E-6,0.0010990701,0.014172819,5.8538035E-7,1.5710394E-6,2.7046276E-6,0.1189445,1.638991E-7
92,29.0886309142585,0.01237306941699849,-0.0064429395390833135,-0.010685517,-0.009561491830979148,-0.02661948509357923,-1.5039257115016515E-4,0.09332839933384107,1.222001123421289,5.925622E-7,6.7337027E-7,5.8345785E-7,2.510986E-7,8.7246704E-8,6.1614116E-7,4.964212E-7,1.2687658E-4,2.7339962E-7,1.4053307E-7,7.201618E-7,5.5576436E-7,9.551934E-7,9.95333E-5,9.3444703E-7,3.546011E-7,6.9865894E-7,5.7196456E-7,7.6517904E-7,0.07959978,9.045019E-7,6.812066E-7,0.0026635157,4.3704384E-7,2.2338554E-7,1.1001596E-7,6.5951474E-7,4.860539E-7,1.7180573E-8,8.2603515E-7,1.953195E-7,4.0573573E-7,8.0172276E-7,4.4716043E-7,9.2633826E-7,1.1098453E-4,1.0175718E-7,4.086101E-8,8.752289E-7,3.607959E-7,5.2980715E-7,0.15009458,3.4778213E-7,5.113883E-7,1.9919455E-4,3.4885684E-7,7.6739843E-7,6.41727E-7,7.4561507E-7,3.9213515E-7,8.59491E-7,5.717418E-7,1.1239207E-7,5.9270894E-7,6.185009E-7,0.009969547,0.0011424123,7.472334E-7,0.0058710277,8.0697646E-7,1.7316435E-8,8.7999346E-5,1.941113E-7,2.3328069E-7,4.7161137E-7,4.0858933E-7,5.044645E-7,9.4632475E-7,3.626139E-7,1.1090343E-6,6.766285E-7,5.600038E-7,0.0019267887,2.4781446E-7,0.0018196353,4.1094583E-7,5.4793503E-7,1.0942584E-7,7.8772416E-7,2.5510863E-7,0.097641304,8.624579E-7,2.6412127E-7,3.5227524E-7,5.5752537E-7,2.460461E-7,7.691511E-7,4.805072E-7,8.176719E-7,0.25685632,0.038377084,5.7868465E-7,8.035204E-7,9.126425E-7,2.6154436E-7,1.0715879E-6,6.5630127E-7,2.267864E-8,2.043572E-7,9.0208187E-7,1.0482847E-6,4.896423E-7,5.9960195E-7,5.6551636E-7,0.12839957,1.54198E-7,6.6147715E-7,8.49598E-7,2.7414893E-7,3.1259564E-9,0.006872759,2.4897633E-7,4.1951077E-7,5.5183573E-8,4.1930765E-8,8.42225E-7,7.426712E-7,1.7216605E-7,9.742657E-7,0.04470553,2.3068041E-4,6.4400047E-7,7.056068E-7,9.5163506E-7,0.0017876411,3.192353E-7,9.3314895E-7,6.823489E-8,3.0756294E-7,2.58405E-7,0.012275529,6.360879E-7,2.2522597E-7,7.305929E-7,5.7284825E-7,9.367205E-7,4.279516E-5,4.3070384E-7,2.6628763E-7,1.02611494E-7,3.658624E-7,1.9698398E-7,3.5770816E-7,6.9666584E-7,1.0129962E-5,1.11529566E-7,2.376203E-7,3.0089743E-4,8.0942567E-7,5.5293494E-4,1.7880494E-7,5.942004E-7,1.3339593E-7,2.698643E-7,5.8541167E-7,7.102967E-7,3.8441908E-7,9.327411E-7,3.540097E-7,8.594676E-7,7.867405E-7,5.599415E-7,0.037694827,5.6524465E-7,0.0055535235,9.1549075E-5,4.4145403E-7,3.873545E-4,2.9704492E-7,1.0234432E-6,1.9127454E-7,2.5325124E-7,5.9191825E-7,4.0828374E-7,0.11443303,7.180292E-7,9.2261735E-7
93,20.717854175389732,0.006445329618018863,-0.010923220172218227,0.003692284,-4.4290130262967636E-4,-0.0018502497557688707,-1.0453388450671585E-5,0.06167983766462885,1.3176568095419954,3.5041464E-6,1.2862123E-6,3.2068615E-6,1.3740093E-6,4.6974478E-7,0.14325067,2.9938508E-6,4.1872368E-6,2.157573E-6,9.919116E-7,1.5769691E-6,9.986431E-5,4.215731E-6,2.1314797E-6,4.0086863E-7,3.4568987E-7,1.8652288E-6,0.021333829,2.6283647E-6,1.9096108E-6,1.6574589E-6,2.9617727E-6,2.361581E-6,2.84427E-7,1.4476758E-6,0.21111123,4.7053563E-6,4.160002E-6,3.6189476E-7,1.0460625E-6,1.7002101E-6,1.7868729E-7,1.9468324E-7,0.0014986056,1.6255693E-5,1.6535663E-6,2.4450506E-7,1.0540122E-6,1.7871488E-6,2.6363473E-6,2.9591918E-6,6.492223E-5,2.8904835E-6,3.665036E-6,3.0535818E-6,1.9860452E-6,2.231835E-6,3.623699E-6,1.8466867E-6,3.5773942E-4,6.6524825E-7,5.6081477E-5,1.8188205E-6,0.014432639,4.3223363E-6,3.6252368E-6,2.5732056E-6,1.3723429E-6,1.8640595E-6,3.320042E-6,1.2175215E-6,1.5333941E-6,2.3796172E-6,1.9455995E-6,2.6696416E-6,1.8665514E-7,1.9070141E-7,9.170366E-7,1.9173165E-6,3.4384425E-6,4.1465237E-6,2.3244908E-7,3.0294466E-6,4.4509943E-6,1.7440814E-6,3.4938053E-6,1.4976657E-6,3.0706415E-6,1.085329E-7,7.0602516E-7,4.701925E-6,4.7367826E-6,9.649351E-7,3.4675768E-6,1.8066644E-6,4.7359213E-6,2.9036792E-6,0.2091935,5.9509676E-7,4.6786768E-6,3.0990525E-6,1.2650474E-6,1.2865135E-6,1.2230869E-6,2.426212E-6,0.0063105244,2.2376532E-6,4.2632723E-6,4.0681434E-6,3.3822564E-6,4.395468E-7,0.003996849,3.0276235E-6,2.8295012E-6,1.8700827E-6,0.18859383,1.5192743E-6,2.3190346E-6,6.130007E-5,1.7089824E-6,0.050934218,2.7048695E-6,3.627647E-6,1.693121E-6,4.3689815E-6,2.174302E-6,1.6735969E-8,2.6900718E-6,5.4529443E-4,3.9644246E-6,1.140795E-6,1.4746499E-6,4.3993286E-6,3.9158213E-6,3.896177E-6,3.7689833E-7,0.026419409,8.70261E-7,7.4524957E-7,2.357034E-6,1.0179434E-6,2.9554343E-7,1.7726676E-6,2.1156159E-6,6.0054805E-4,3.242784E-6,2.5145246E-6,3.7293514E-6,4.666143E-6,0.029941443,1.8101923E-6,3.7994143E-6,3.357477E-6,2.947895E-6,4.332865E-6,1.3867747E-9,6.6782223E-7,3.1584707E-6,3.1819438E-6,1.250449E-6,4.442321E-6,0.0037666175,5.5288075E-7,1.8308185E-6,7.4072206E-9,0.057175804,1.2386469E-6,3.278278E-6,0.008979425,0.0034152786,2.308182E-6,0.0020633019,2.4101332E-6,9.2216425E-7,0.015436815,2.1032358E-6,3.2734006E-6,4.407226E-6,1.2516687E-6,3.1969955E-6,4.2588276E-6,1.3511695E-6,2.8844622E-6,1.323851E-6,8.436478E-7,3.2153762E-6,4.557384E-6
94,-3.9806322648818298,0.011059295287016581,-0.055173327994724485,-414.96033,0.09166258548473889,-0.09815795091259304,-5.545646944214296E-4,0.10759179352302628,702.334857788747,1.0545343E-9,2.692147E-9,1.592425E-8,0.9999693,3.0626637E-5,4.2588308E-10,1.0457919E-9,3.6531752E-8,3.261636E-10,1.7912164E-8,2.4047633E-9,7.408253E-10,1.3688155E-8,5.507234E-8,5.080283E-10,8.156282E-10,2.4736754E-10,1.1700352E-9,5.9136987E-8,1.970493E-8,1.8311389E-9,6.321767E-9,8.973268E-9,2.6638244E-10,3.4100513E-8,9.2230515E-11,4.065402E-10,1.14677965E-8,1.5557722E-8,4.4318882E-11,7.3913287E-10,1.06683995E-8,1.021372E-8,4.701251E-9,5.6209766E-9,1.089773E-8,8.224918E-9,2.1824176E-9,4.2701367E-9,4.7049063E-8,1.221031E-9,5.7950675E-8,2.4613052E-9,1.4698345E-8,2.6101399E-9,6.1628227E-9,4.262214E-9,4.362753E-11,1.2843391E-8,5.81554E-9,6.276156E-9,2.3578357E-8,3.5536618E-9,6.5447603E-10,9.1702995E-10,9.492852E-10,5.017182E-8,3.5416334E-9,1.7758418E-10,4.731787E-8,7.626034E-10,2.6203173E-9,1.0504672E-9,5.3106554E-8,5.6228714E-8,2.1375475E-9,1.3397232E-9,4.699858E-9,2.5478238E-8,7.3973924E-11,4.3876462E-9,8.760718E-10,1.8990598E-9,1.0872719E-8,1.7119149E-8,2.9282987E-10,3.0135086E-10,3.208694E-9,2.1714259E-8,2.0577398E-8,5.3349294E-11,7.630848E-10,5.3773988E-8,5.12639E-10,3.405983E-10,2.1053805E-9,1.1120341E-11,5.9347933E-8,4.8191806E-9,3.5805474E-8,7.488794E-10,1.5362478E-8,2.279312E-10,2.922735E-8,2.548749E-8,3.806635E-8,3.6566241E-9,3.7116696E-10,2.1421753E-10,1.0888827E-8,5.9532606E-8,5.0124377E-10,2.1209067E-8,5.722531E-9,5.257804E-8,5.586847E-10,4.5966256E-10,3.4273327E-8,2.0062938E-8,1.1789873E-8,2.0437863E-8,5.14745E-9,1.941446E-9,2.6621263E-8,5.300984E-9,9.233321E-9,1.3909652E-9,5.0324074E-9,4.3101956E-8,4.867804E-8,3.6313857E-8,5.0457007E-8,6.767528E-11,7.9661975E-9,1.7034995E-7,4.051495E-8,1.1978422E-8,2.047082E-9,6.780017E-10,5.4318963E-9,5.05509E-9,7.277323E-9,4.827084E-9,4.0932836E-8,3.2115495E-9,8.877288E-10,5.4528122E-8,6.3550404E-10,3.05515E-10,6.4847644E-10,2.9729839E-9,5.845445E-10,3.5464656E-10,4.67102E-9,4.6161516E-10,3.8603734E-9,1.4755655E-10,2.8991336E-8,5.384606E-10,3.9172214E-8,1.7367702E-8,2.4119565E-10,4.132764E-8,1.5266796E-8,2.6639427E-8,2.3738071E-8,8.5641005E-10,1.1131493E-10,1.8697927E-8,2.2140298E-9,1.611608E-8,8.7894726E-11,6.2544565E-9,4.2779613E-10,1.5548627E-8,1.457374E-8,3.0229148E-9,6.2432465E-10,4.8979247E-9,4.1874717E-9,4.469607E-8,5.4329142E-8,2.8739954E-8,3.6277619E-9,7.591603E-10,4.5577455E-8,8.497097E-9
95,9.111690629857737,-0.008174596341449802,-0.005713974161340983,-0.27386472,0.03470230392447574,-0.03932479198842132,-2.2217396603627866E-4,0.03245612757112954,1.8778300200104097,1.3374671E-5,4.177143E-7,1.8848947E-6,2.9741196E-7,1.3455387E-6,1.5583124E-6,8.4950665E-7,3.360092E-7,1.0209841E-5,1.842265E-7,1.848347E-5,1.2908994E-6,8.4806885E-7,2.2370245E-5,1.2255609E-7,3.0798576E-6,2.4652574E-5,3.10001E-7,1.4184552E-5,6.154916E-7,2.2321374E-6,1.4112567E-4,9.943809E-4,3.7819127E-4,2.6414375E-6,1.1663205E-7,2.66005E-7,1.8487241E-6,1.675849E-6,2.8319794E-6,7.4560735E-6,1.5565905E-5,1.0964093E-5,0.010994037,1.488736E-6,6.5376566E-6,2.1531334E-9,2.4260618E-8,7.5182375E-6,2.2845945E-6,2.5428058E-6,3.1738264E-6,1.4496909E-7,3.3403558E-5,5.0455117E-7,2.4079054E-6,7.530719E-7,0.020766767,3.023747E-6,3.5461535E-6,5.0923745E-7,1.0875086E-5,3.1436439E-6,8.744658E-6,3.8129315E-7,4.664105E-6,6.7827294E-8,1.1895781E-6,9.125151E-8,4.7370082E-5,1.9483716E-8,2.2263543E-5,2.3598825E-7,3.3037884E-6,2.996603E-6,2.2787556E-6,7.3521674E-6,8.049536E-7,6.9288776E-4,2.6500447E-5,3.8759603E-7,0.0016191307,1.1605047E-5,0.405186,1.1125967E-5,5.0459716E-6,0.008312118,3.322797E-7,4.105721E-6,3.0990444E-7,0.10485772,8.356404E-7,2.0223333E-5,8.843051E-8,2.6425314E-6,3.6206022E-6,2.579211E-7,1.5186141E-6,5.038321E-7,5.8024955E-7,6.167976E-7,1.1845457E-6,2.2165286E-6,3.1934685E-6,0.0015872106,2.390534E-5,0.02552511,6.957539E-8,3.5480552E-6,0.039189976,3.2273158E-6,1.3681058E-6,3.3442705E-6,1.4680115E-6,0.023825789,7.482869E-7,3.2584303E-6,0.00207527,5.704248E-7,1.5944908E-6,2.6200081E-5,4.411565E-8,5.2955115E-6,1.4765156E-6,1.9579115E-6,4.2572274E-6,4.8379385E-5,2.7367132E-6,2.890554E-6,5.4975277E-7,0.002063302,1.3448052E-6,0.03767122,1.7501226E-6,1.3715141E-6,0.054144464,2.1778897E-6,1.9011737E-6,3.2323317E-7,3.949751E-6,4.0179502E-6,2.8451801E-5,2.5748377E-6,0.1721732,1.7533666E-5,0.034449074,0.0010459138,4.6960736E-4,0.004640812,8.666129E-6,3.6919675E-6,1.3676026E-5,3.7716325E-7,9.35225E-6,2.1600288E-6,2.5029663E-6,2.6930422E-6,6.818142E-6,2.9207367E-6,1.4187151E-5,1.4664024E-6,6.7406046E-7,7.5178036E-6,6.578211E-7,2.3986245E-6,0.020135147,1.4111836E-5,3.046729E-6,2.4256613E-6,6.324053E-7,4.001661E-7,3.4552775E-6,1.6786353E-6,4.468808E-6,3.3907659E-6,1.3412836E-7,3.8410093E-8,1.0983646E-7,3.557198E-6,1.354204E-4,3.3280987E-6,0.026138071,1.2798195E-7,3.1176995E-7,9.580783E-7,1.6268292E-5,4.7342287E-6
96,22.192736378245073,-0.015935506785171503,-0.012275649871135006,0.008113013,-0.03526762559723037,-0.019434786764897714,-1.0980105516891364E-4,0.04225658029305325,1.6852036045258618,9.972296E-7,6.6819325E-8,7.225507E-7,2.713711E-7,5.212372E-7,9.489983E-7,2.9458959E-6,8.102329E-8,1.3759044E-6,2.5213433E-7,6.469974E-7,1.2297442E-6,2.4074275E-6,5.444376E-7,3.262248E-7,0.050278742,7.296204E-6,3.2394402E-7,1.6690967E-4,1.704294E-7,2.4666053E-6,3.3558896E-7,9.745253E-7,8.19105E-8,2.5068434E-8,2.0127472E-6,3.6439235E-7,6.2474686E-7,4.2972047E-7,2.4743986E-6,1.2074498E-6,4.9780322E-8,0.10207372,0.0055055213,1.8021365E-6,6.262573E-7,9.391352E-5,6.8405217E-7,1.2409021E-6,6.392608E-9,1.445357E-6,1.5040175E-8,1.1447653E-6,1.5553059E-6,1.1394716E-8,2.7502995E-6,2.6336836E-6,2.3673413E-6,2.9606312E-7,4.3541812E-7,1.8131906E-6,9.830096E-8,5.448756E-7,1.180353E-7,5.608877E-7,3.226549E-7,3.7392086E-4,2.8369527E-6,2.5718173E-6,4.5497518E-7,7.1075505E-8,0.002597098,9.722596E-7,1.0051241E-6,5.5071574E-8,3.398797E-6,1.1584386E-6,4.1413184E-8,1.4389863E-7,2.255369E-6,4.3968307E-6,2.5002967E-6,8.703014E-8,1.8229558E-6,2.8417937E-6,3.060571E-6,2.6036626E-6,2.7868793E-7,6.706386E-7,7.1485154E-8,0.13533606,1.2744482E-6,0.13545726,2.5125923E-6,8.443483E-7,1.2600248E-6,0.15862109,2.7508306E-6,0.0114630265,8.904982E-7,9.034753E-7,2.1183153E-6,1.9507859E-6,3.5634873E-8,4.5507296E-9,3.267252E-4,1.5135311E-6,4.631266E-7,3.791618E-7,6.4361884E-5,0.003488581,9.584717E-7,1.03244496E-7,1.5062627E-6,3.3556734E-7,7.159534E-8,1.4442155E-6,3.218604E-7,3.3990847E-7,5.994308E-7,6.566233E-7,6.2686087E-7,6.582644E-5,2.9488638E-6,1.7148849E-6,8.438404E-6,1.7920288E-6,1.7049382E-6,1.4979764E-6,1.8109224E-6,1.8930953E-6,0.1554485,8.9445757E-4,1.1223566E-5,0.0046598585,3.668352E-7,1.4133573E-6,1.1549911E-7,8.927976E-7,1.222319E-7,2.9086362E-7,4.1106826E-4,0.1022077,5.017189E-7,3.475001E-4,8.90753E-7,1.3692176E-4,6.8869707E-7,2.6045489E-6,8.602991E-7,5.0513637E-7,1.3867706E-6,0.005568035,3.6161157E-7,2.0222217E-6,2.1631156E-6,1.6983247E-6,5.7818767E-7,0.03794339,0.048547156,1.2243715E-6,1.5657852E-6,1.65695E-7,3.560528E-7,0.008690234,5.2485873E-8,6.715863E-7,3.0658384E-6,2.3663947E-6,0.021909634,1.6596896E-6,1.4264223E-6,7.740854E-7,0.0060629295,2.0153095E-6,1.883713E-6,8.106619E-8,1.6212706E-6,7.9981953E-7,5.87078E-7,0.0010751054,1.8448898E-7,3.0532246E-7,1.7110136E-6,7.3522784E-7,8.661222E-8,7.68164E-7
97,21.465119482436126,-0.012532649094473245,0.04863143160471127,-0.010319138,0.34125899402597404,-0.06680780459140048,-3.774452236802287E-4,0.5119439537872018,1.0484223383755211,2.2400789E-6,5.568609E-7,0.025849834,2.221748E-7,2.7972212E-7,1.1476051E-6,2.933307E-6,1.1879448E-6,0.037314795,1.9884528E-6,2.609279E-6,2.030689E-6,1.4366137E-7,1.5463426E-6,2.763486E-6,3.0384192E-6,2.3215648E-6,6.7830655E-7,2.3746018E-6,3.5377937E-7,2.3587202E-6,1.6140717E-6,3.0700178E-6,1.6288003E-6,1.3663429E-6,1.7636321E-6,1.1148288E-6,1.7049119E-6,0.00885987,2.9117375E-6,1.3460377E-6,2.1366295E-6,3.730815E-7,0.28116214,1.6912129E-6,1.2111917E-6,1.5193381E-6,1.4794339E-6,2.0840705E-6,1.7038285E-6,2.6598227E-6,0.16783337,2.65066E-6,1.3413264E-5,0.031480726,2.7269703E-6,1.2871378E-6,9.562269E-7,2.0521566E-6,2.0290995E-6,2.5979923E-6,6.505591E-7,2.9251237E-6,1.098804E-6,2.3184103E-7,1.9219929E-6,3.4975377E-4,1.2667644E-7,7.2142086E-7,6.587281E-7,0.0016539594,0.0016583139,4.8484132E-8,2.75599E-6,1.8469626E-6,1.8887757E-6,5.3944837E-7,0.001358808,0.009698284,8.6604865E-7,2.091147E-6,1.3715513E-7,2.7202828E-8,1.6468874E-6,2.519166E-6,2.656083E-6,1.249309E-7,9.647658E-7,5.730692E-7,3.0645572E-6,2.4083958E-8,0.11276189,2.6231467E-6,0.012485266,1.5776329E-6,0.011213049,6.0102E-7,8.486585E-7,0.0070186425,1.5373877E-6,2.6233329E-6,2.4917294E-6,2.6192738E-6,1.9665424E-6,1.7835283E-6,2.8111633E-6,0.024368437,1.6135638E-6,2.6499604E-6,4.5519343E-7,2.747197E-7,1.2849843E-6,2.9481669E-6,1.716352E-7,2.4074948E-6,1.079E-6,8.476949E-7,9.40857E-7,7.08289E-7,7.466949E-7,7.4375106E-7,1.7507372E-6,0.025848784,2.496299E-6,2.9193493E-6,2.9813966E-6,0.09464842,0.001613903,4.069587E-7,5.654497E-7,8.502858E-7,2.748105E-6,1.1732516E-6,1.4611528E-6,2.8407393E-7,1.5950984E-6,2.8874858E-6,2.0240004E-6,3.0064757E-6,4.178312E-7,1.19466E-7,2.0038133E-6,2.2616348E-6,6.0344016E-4,2.7631974E-4,2.4105768E-6,1.7106142E-4,2.949988E-6,2.9466275E-7,0.0012743236,3.5356751E-7,2.1623305E-6,5.384476E-7,1.1857388E-7,2.384772E-6,1.29067E-6,1.1776172E-6,2.2722418E-6,1.7272667E-6,9.314282E-7,8.101191E-7,3.5012718E-7,2.2516272E-6,0.1381025,2.7893584E-6,2.5476108E-6,2.67909E-6,2.8376587E-6,8.004208E-7,1.6903512E-6,0.0014303806,7.015032E-7,2.3673759E-7,2.1124442E-6,1.8677174E-6,7.423673E-7,1.890751E-6,7.6567216E-7,9.652156E-8,5.923248E-4,2.1575838E-6,1.6789528E-6,1.2388955E-4,2.511898E-6,2.9997639E-6,2.1017074E-6,2.0971697E-6
98,9.544668626059998,0.04504798109038985,-0.02116651296845574,-0.0012650592,0.36589640381680044,0.1500494774308011,8.477371606259949E-4,0.06754416745379725,1.577116585965398,3.7166158E-6,3.1797201E-6,8.8441675E-7,2.988181E-6,1.0005774E-6,4.578137E-6,7.5800164E-4,2.0372627E-6,0.15628326,0.13139085,2.6126183E-6,3.4844873E-6,2.0304792E-6,1.5902806E-7,0.0046620443,2.5878185E-6,6.143038E-4,4.3420605E-6,4.034488E-6,0.011760967,1.9463728E-6,2.7541491E-6,5.2293885E-6,4.6413825E-7,4.895962E-6,3.6363642E-6,0.0037389277,3.1909858E-6,6.0050775E-7,4.5959328E-6,1.631242E-6,8.3094517E-7,5.2254586E-6,0.4614068,4.4000244E-6,1.7379309E-6,2.1928754E-6,5.5322384E-6,4.9395017E-6,3.0436486E-6,5.3411723E-6,6.571372E-7,5.331648E-6,5.568059E-6,8.8758605E-7,4.768074E-6,1.9116205E-6,2.5843979E-6,3.3241374E-6,4.3279942E-6,4.668296E-6,2.9456517E-6,5.648542E-6,2.602101E-6,5.7919992E-6,5.4052553E-6,0.0334824,6.544626E-7,5.63934E-6,3.5325224E-6,1.8010739E-7,3.8178882E-6,1.8710863E-6,3.3949738E-7,9.2760627E-7,3.698439E-6,4.6894347E-6,3.6688527E-6,1.6367586E-6,1.0012186E-6,2.645864E-4,1.5187487E-6,6.2754634E-7,3.004678E-6,4.2623356E-6,3.3264914E-6,5.3459653E-6,1.6477999E-6,1.2339813E-6,4.7623835E-6,3.973211E-6,3.938622E-6,4.4075696E-6,1.453561E-6,2.4188617E-7,4.6061637E-6,9.3285286E-7,0.0077735586,2.7909066E-6,3.2167293E-6,4.6209485E-4,5.0423E-6,0.0016420258,4.5332786E-6,2.8893626E-6,4.5564548E-6,1.8757719E-6,5.733956E-6,5.3578265E-6,0.027463382,6.974655E-8,3.2017585E-6,0.024495596,0.019344958,0.063805126,1.1422184E-6,1.8467864E-6,1.0995516E-6,1.8804894E-6,5.6405374E-6,5.8100272E-6,3.3083913E-6,2.3957284E-6,2.1162224E-7,4.122845E-6,4.884598E-6,2.591994E-6,1.6625535E-6,1.203649E-6,5.0163408E-6,2.2823867E-6,3.0363465E-6,1.1745739E-6,5.591861E-6,5.264778E-6,2.6620983E-4,6.4080746E-7,0.0079316655,2.6165162E-6,5.3941153E-6,1.6542358E-6,5.437311E-7,2.7201997E-6,4.9987325E-6,6.312781E-7,0.001247573,1.2856921E-4,3.326266E-6,5.644598E-6,0.001203125,2.7913993E-5,3.3475214E-6,2.1601952E-7,9.794646E-7,5.4785414E-6,4.6391924E-6,1.5114566E-6,4.3725995E-6,2.9437747E-6,4.3303094E-6,2.7571098E-6,3.6954107E-6,2.2933325E-6,3.1375114E-6,5.3759563E-6,7.2942395E-4,5.441437E-6,2.5058275E-6,5.0481667E-6,0.030155301,9.817851E-7,1.7610224E-6,5.8235634E-7,0.0077428254,1.0187418E-6,4.4947205E-6,7.726406E-4,6.418302E-7,8.809197E-7,2.035013E-6,2.704369E-6,1.2189984E-6,2.44152E-6,3.922429E-6,2.883108E-6,4.1254492E-7,1.1631905E-6
99,5.676307404512298,0.0036234959112324667,-0.012358432767416118,-0.0030042601,-0.0017451237062895888,-0.011574713965043094,-6.539386420928302E-5,0.0471656454131497,1.3451028098829727,4.8123334E-6,4.166039E-6,2.8671022E-6,5.258252E-7,7.1133E-7,3.1431898E-6,4.9388785E-7,3.6622826E-6,3.0192643E-6,4.370614E-6,2.7953115E-6,4.4179847E-6,3.8397798E-6,4.284468E-6,2.1678106E-6,1.5110281E-6,1.1199098E-6,2.9485032E-4,0.0010326232,4.198892E-6,4.014867E-6,3.3724718E-6,5.472459E-6,2.6653024E-6,2.1834767E-6,1.1257337E-6,5.4507987E-6,5.8235055E-6,0.008921079,3.61312E-5,0.009328469,0.05855894,5.1581596E-6,1.04954765E-7,4.959123E-6,1.4166642E-6,1.7861199E-6,5.8204165E-8,2.7436267E-6,3.4965612E-6,9.387692E-7,3.962509E-6,2.889679E-6,8.8598705E-7,1.5405033E-6,4.4526882E-6,1.968818E-6,2.2765137E-6,5.3228705E-6,2.4457029E-6,5.1371208E-6,3.038018E-6,5.2968E-6,4.1354942E-6,4.7884278E-6,1.6368643E-6,2.27198E-7,5.970424E-6,5.4665384E-6,4.1196868E-6,3.3187007E-6,3.4385215E-7,5.976981E-6,5.633611E-6,4.9942482E-6,4.4180406E-6,6.1141423E-6,2.937384E-6,2.2461475E-6,5.6800877E-6,0.058915116,5.6351973E-6,6.0927678E-6,4.0729374E-6,2.697075E-6,0.19174965,6.4036726E-6,7.345167E-4,2.682954E-6,2.5784557E-6,4.81341E-6,0.025629055,2.5232089E-6,2.408171E-6,0.008611904,2.6426343E-7,5.712122E-6,1.974892E-6,9.907578E-7,0.20878214,1.3106531E-6,3.713338E-6,2.265841E-6,6.871297E-7,6.1113733E-6,5.1699735E-6,4.7165386E-6,4.1116014E-6,3.9336064E-6,5.5977134E-6,3.234546E-6,2.583717E-6,3.2987793E-6,2.919845E-6,3.9407196E-6,5.2383134E-6,1.5935222E-4,1.1279657E-6,5.2607866E-6,4.782087E-6,1.6379854E-6,6.02769E-6,6.419399E-6,3.7617106E-6,5.702839E-6,3.4183283E-6,4.9357777E-6,3.78175E-6,0.0072794827,3.4741486E-6,1.2521874E-6,1.3878512E-6,3.0289614E-6,3.963751E-6,3.024609E-7,1.4707324E-4,4.8520983E-6,1.1578259E-6,5.1000925E-6,0.0036200383,4.321395E-6,3.6550548E-6,5.841536E-6,0.029766534,3.2648293E-6,0.18831475,1.5873211E-6,5.950504E-6,0.0037669465,2.9615696E-6,8.333462E-7,3.6343004E-6,1.6114333E-6,3.2378377E-6,5.748117E-6,3.2960224E-6,5.118055E-6,5.497588E-6,1.3749141E-6,5.9789013E-6,3.4278805E-6,4.1436447E-6,3.1160218E-7,2.3501168E-6,4.6465198E-6,3.3820716E-6,2.4454712E-6,1.7043294E-6,5.130691E-6,1.1816045E-6,0.13453133,6.952633E-4,0.00108461,5.215724E-6,4.5786483E-6,4.227284E-6,5.9233885E-6,1.9120532E-6,0.057472523,9.004596E-7,1.7657639E-7,6.37648E-6,5.7671527E-6,4.320447E-5,3.576363E-6,3.8551834E-6,1.031015E-7